request_freq,avg_tokens,longest_consec,var_score,sequence_time,user
2.178247294174875,1.0,336.0,588.2974600506435,71646.91,user-1003
1.0472982225340584,1.0,1007.0,3612.000855905695,71647.766,user-1005
316.7462374429224,0.034482758620689655,13.0,0.008907282590337445,69367.426,user-65
446.8661914893617,0.037914691943127965,11.0,0.0039520117970684825,63008.133,user-565
436.5623475609756,0.04602510460251046,11.0,0.005804996339047503,71596.225,user-842
345.5081485148515,0.04291845493562232,13.0,0.009722681448666138,69792.646,user-38
435.05239568345326,0.034653465346534656,9.0,0.004022584276740718,60472.283,user-618
943.4390266666666,0.02531645569620253,9.0,0.0011672932232574193,70757.927,user-135
492.6968968253968,0.038461538461538464,10.0,0.003298747937140358,62079.809,user-373
2.189897930486351,1.0,337.0,579.915141379697,71638.131,user-1004
615.0449504950494,0.02403846153846154,8.0,0.0021457597958871918,62119.54,user-499
594.2327777777778,0.04291845493562232,9.0,0.0028476615607265273,69525.235,user-726
489.0246486486486,0.038461538461538464,8.0,0.002773276148210071,54281.736,user-852
279.24685375494073,0.03389830508474576,14.0,0.01068301120353604,70649.454,user-23
1081.03996875,0.03879310344827586,7.0,0.0009336442035391013,69186.558,user-824
378.9801265060241,0.04265402843601896,10.0,0.005925158813606075,62910.701,user-17
578.6783684210526,0.03619909502262444,9.0,0.002558698603015679,65969.334,user-497
356.50514935064933,0.043478260869565216,11.0,0.005518896681662779,54901.793,user-632
582.8365491803279,0.029411764705882353,8.0,0.003283490043021498,71106.059,user-397
743.3712065217392,0.026200873362445413,7.0,0.001643174548001657,68390.151,user-730
713.530875,0.034934497816593885,8.0,0.0018567971073870319,68498.964,user-936
267.67457805907173,0.056338028169014086,13.0,0.011745412564739786,63438.875,user-925
435.38171223021584,0.04433497536945813,11.0,0.0038528300865301943,60518.058,user-895
430.00005673758864,0.03940886699507389,10.0,0.0041522835945078645,60630.008,user-865
445.12144,0.0374331550802139,10.0,0.002950656709788573,55640.18,user-31
422.0088783783784,0.04784688995215311,10.0,0.00463960978230122,62457.314,user-811
557.9581967213114,0.03070175438596491,11.0,0.003203381324045745,68070.9,user-228
772.2002,0.04090909090909091,10.0,0.0015182442330064667,65637.017,user-601
438.77922302158277,0.03414634146341464,9.0,0.004169450261529598,60990.312,user-950
535.1375909090909,0.04060913705583756,10.0,0.0024213701926698115,58865.135,user-180
830.4751538461538,0.03686635944700461,6.0,0.001349444768489227,64777.062,user-931
643.8764693877552,0.04245283018867924,7.0,0.0018014835877624633,63099.894,user-654
505.328035971223,0.0423728813559322,10.0,0.0034618232439104484,70240.597,user-492
492.02890845070425,0.05982905982905983,10.0,0.004630074623478439,69868.105,user-139
386.65796666666665,0.03862660944206009,16.0,0.006373381738717517,69598.434,user-831
236.1485243902439,0.05128205128205128,13.0,0.010895683968513106,58092.537,user-734
888.4435714285714,0.026595744680851064,6.0,0.0008525819266623751,55971.945,user-14
465.20813669064745,0.03686635944700461,10.0,0.003999696071319074,64663.931,user-4
395.9766797385621,0.039603960396039604,11.0,0.004415494726328505,60584.432,user-22
370.59979640718564,0.03864734299516908,10.0,0.00568960072812731,61890.166,user-16
967.5458767123288,0.025423728813559324,7.0,0.0012073478555939664,70630.849,user-109
992.2841830985915,0.038135593220338986,6.0,0.001041408631859756,70452.177,user-562
959.0052837837837,0.029535864978902954,9.0,0.0011701543862689557,70966.391,user-28
302.4662975609756,0.043478260869565216,12.0,0.008607833993635848,62005.591,user-212
465.4100746268657,0.03349282296650718,10.0,0.003283487227223216,62364.95,user-859
441.0267106918239,0.029914529914529916,12.0,0.005519848924433159,70123.247,user-634
448.78544295302015,0.04017857142857143,11.0,0.004758818913599772,66869.031,user-120
521.329923076923,0.03524229074889868,9.0,0.0032396191345350177,67772.89,user-256
462.93423611111115,0.03139013452914798,10.0,0.0034036477590992514,66662.53,user-385
459.3071045751634,0.029787234042553193,12.0,0.005876525172410092,70273.987,user-396
623.9684732142857,0.042735042735042736,8.0,0.002682676797112895,69884.469,user-739
729.728869047619,0.024390243902439025,10.0,0.001328463018575747,61297.225,user-637
851.4959857142858,0.03,9.0,0.0010366403857881134,59604.719,user-672
442.5114846153846,0.05181347150259067,9.0,0.003096567850649745,57526.493,user-107
602.2336293103448,0.029914529914529916,8.0,0.0030507945975750735,69859.101,user-133
637.3404356435643,0.027777777777777776,8.0,0.0019531174002550243,64371.384,user-892
277.1650569105691,0.05240174672489083,12.0,0.012436823133570446,68182.604,user-501
395.86760493827165,0.037209302325581395,12.0,0.004891376069262654,64130.552,user-414
409.3083630952381,0.034782608695652174,11.0,0.005267122296552797,68763.805,user-850
277.60063333333335,0.04081632653061224,12.0,0.007801976531450549,58296.133,user-680
552.718213592233,0.02617801047120419,10.0,0.002273551901445861,56929.976,user-1001
302.62143654822336,0.04,12.0,0.007432909054814486,59616.423,user-376
456.5995170068027,0.03111111111111111,12.0,0.004154189362437378,67120.129,user-291
445.74855333333335,0.03571428571428571,10.0,0.004303915557086438,66862.283,user-215
644.4067473684211,0.03398058252427184,11.0,0.002193444637663019,61218.641,user-534
499.6061982758621,0.046153846153846156,10.0,0.00315379152197247,57954.319,user-93
453.19130303030306,0.03980099502487562,11.0,0.003672587206880783,59821.252,user-749
421.3705909090909,0.027649769585253458,10.0,0.004687291884676393,64891.071,user-185
952.6333392857143,0.033707865168539325,6.0,0.000584599958526711,53347.467,user-353
395.55652906976746,0.039647577092511016,13.0,0.005963303967271186,68035.723,user-208
636.34784,0.03755868544600939,10.0,0.002385132462216149,63634.784,user-677
601.4930227272727,0.03389830508474576,7.0,0.0018110220498731514,52931.386,user-1002
305.62411386138615,0.043689320388349516,15.0,0.007378547743399466,61736.071,user-574
834.2306153846154,0.027522935779816515,7.0,0.0012521698954472416,65069.988,user-155
427.8705668789809,0.04,13.0,0.0051441014638670245,67175.679,user-308
383.7108054054054,0.04219409282700422,11.0,0.006540273234325966,70986.499,user-403
332.6805238095238,0.042735042735042736,14.0,0.00895020150343634,69862.91,user-788
444.5380569620253,0.02553191489361702,11.0,0.005207997415692351,70237.013,user-861
586.8435784313725,0.035,9.0,0.002108566275630429,59858.045,user-448
373.0527421052632,0.05485232067510549,10.0,0.007277462469548924,70880.021,user-898
500.44576119402984,0.04017857142857143,9.0,0.0036535132148731216,67059.732,user-355
232.9121649484536,0.048458149779735685,16.0,0.016693053606955235,67777.44,user-595
685.6598875,0.02717391304347826,6.0,0.0014238311450709869,54852.791,user-974
701.57112,0.02553191489361702,9.0,0.0023660589576981125,70157.112,user-236
908.8889565217391,0.023809523809523808,8.0,0.0010356868388010868,62713.338,user-488
450.1944736842105,0.03056768558951965,10.0,0.004683477744022056,68429.56,user-697
387.46840782122905,0.04310344827586207,11.0,0.006763435234439261,69356.845,user-132
257.2225870445344,0.051643192488262914,17.0,0.012700990720944943,63533.979,user-239
353.65947337278106,0.055,13.0,0.005680063361049287,59768.451,user-473
446.1896569343065,0.04390243902439024,11.0,0.0039806230724805745,61127.983,user-328
500.2731617647059,0.03508771929824561,11.0,0.0034570556235717573,68037.15,user-49
369.6408055555556,0.04932735426008968,12.0,0.006155943787211902,66535.345,user-331
520.3111076923077,0.03982300884955752,10.0,0.003491389394173098,67640.444,user-651
399.0130378787879,0.03977272727272727,10.0,0.0040483352458861,52669.721,user-148
1294.1373255813953,0.03225806451612903,5.0,0.000370024226866484,55647.905,user-814
444.15606060606063,0.04081632653061224,12.0,0.003756510626760143,58628.6,user-167
439.89161146496815,0.03463203463203463,10.0,0.004796963681638762,69062.983,user-188
436.3267768595041,0.03389830508474576,10.0,0.0029773605183334283,52795.54,user-105
855.599141025641,0.03139013452914798,7.0,0.000975604079935714,66736.733,user-72
449.3437870967742,0.03862660944206009,11.0,0.005784971786836264,69648.287,user-384
512.7607540983606,0.03349282296650718,13.0,0.0028486141400102683,62556.812,user-594
454.7460827586207,0.03619909502262444,12.0,0.003465636384119659,65938.182,user-242
297.7703412322275,0.05238095238095238,12.0,0.008890119579487899,62829.542,user-321
304.04967346938776,0.035,12.0,0.008587810112632339,59593.736,user-415
622.9417362637363,0.02631578947368421,7.0,0.0016002593310927554,56687.698,user-864
386.7365966850829,0.03418803418803419,11.0,0.007217383983493735,69999.324,user-79
595.9921651376147,0.04128440366972477,9.0,0.002574912105038525,64963.146,user-141
348.1192105263158,0.035,12.0,0.006355264798892805,59528.385,user-257
366.1803142857143,0.04186046511627907,10.0,0.005475974974593496,64081.555,user-345
723.9118192771084,0.039603960396039604,7.0,0.0015525768503674257,60084.681,user-572
604.0256666666667,0.033816425120772944,8.0,0.002398483544304582,61610.618,user-2
372.40151412429384,0.04072398190045249,9.0,0.005529380143321135,65915.068,user-558
439.87996794871793,0.0391304347826087,11.0,0.004912358670463987,68621.275,user-642
477.54409722222226,0.030303030303030304,10.0,0.003743156139520299,68766.35,user-741
348.52540837696336,0.04484304932735426,12.0,0.007266971693727201,66568.353,user-987
366.0154578313253,0.05392156862745098,12.0,0.005883197103666395,60758.566,user-732
664.0462197802199,0.029556650246305417,8.0,0.0016612945455504718,60428.206,user-964
337.95781865284977,0.0410958904109589,13.0,0.006647082094760439,65225.859,user-893
772.7117808219178,0.042105263157894736,9.0,0.00120925520604577,56407.96,user-900
563.6655,0.04265402843601896,8.0,0.002840986884612597,63130.536,user-441
410.10070588235294,0.030042918454935622,10.0,0.0057287004874322905,69717.12,user-543
752.8823157894738,0.02617801047120419,7.0,0.0012044864179147682,57219.056,user-524
734.0195604395605,0.03587443946188341,9.0,0.0016364989896770245,66795.78,user-862
475.47425,0.02857142857142857,11.0,0.0033006538687790736,62762.601,user-714
334.8445578947368,0.046948356807511735,13.0,0.006697627932200618,63620.466,user-567
381.3535438596491,0.045871559633027525,14.0,0.006435373517868558,65211.456,user-689
616.344,0.03139013452914798,12.0,0.0022554311035409454,66565.152,user-587
387.1690465116279,0.02976190476190476,10.0,0.003124224669579241,49944.807,user-447
943.3261147540984,0.025906735751295335,7.0,0.0009536717298008514,57542.893,user-423
615.9499047619047,0.040229885057471264,7.0,0.0010957662634557032,51739.792,user-177
618.9308504672897,0.04954954954954955,8.0,0.0024299538672415168,66225.601,user-469
514.7350671641791,0.04329004329004329,11.0,0.004071222963818118,68974.499,user-219
571.8888272727273,0.037914691943127965,8.0,0.002840987292066612,62907.771,user-671
373.0352078651685,0.053811659192825115,11.0,0.006310439828644807,66400.267,user-251
278.81028773584904,0.06060606060606061,12.0,0.00847527046968499,59107.781,user-71
400.99345323741005,0.0481283422459893,9.0,0.0032863470023445137,55738.09,user-844
507.1719166666667,0.0392156862745098,11.0,0.0026559721882119386,60860.63,user-184
336.81913089005235,0.05092592592592592,12.0,0.006887408953818277,64332.454,user-398
539.7021623931623,0.04245283018867924,11.0,0.0032100581465692186,63145.153,user-32
430.8406948051948,0.03153153153153153,9.0,0.0049142665884410255,66349.467,user-479
874.9546666666666,0.0297029702970297,6.0,0.0009231531621446722,60371.872,user-552
422.1178211382114,0.05747126436781609,8.0,0.002874363146464212,51920.492,user-468
418.44186227544907,0.04700854700854701,10.0,0.0057906903020729025,69879.791,user-24
767.757023255814,0.03167420814479638,7.0,0.0015973991194135843,66027.104,user-561
415.99591719745223,0.04128440366972477,13.0,0.004669171201367919,65311.359,user-768
399.5974563758389,0.035175879396984924,11.0,0.00485227908573815,59540.021,user-505
256.1320772357724,0.05687203791469194,16.0,0.011259987904807601,63008.491,user-245
573.4584957264957,0.026785714285714284,8.0,0.002428044461329727,67094.644,user-513
528.5093391304348,0.04433497536945813,8.0,0.0023841758265821696,60778.574,user-801
339.40910050251256,0.04424778761061947,13.0,0.007650346282361628,67542.411,user-853
527.9617383177571,0.042328042328042326,10.0,0.0018234164235679598,56491.906,user-860
955.1622419354838,0.030303030303030304,7.0,0.0008840533246230724,59220.059,user-649
373.78746341463415,0.04390243902439024,12.0,0.005454043855915634,61301.144,user-90
399.9686477987421,0.03755868544600939,16.0,0.00441930771374246,63595.015,user-693
490.96977372262774,0.03111111111111111,11.0,0.003766999821878567,67262.859,user-648
326.57844318181816,0.07772020725388601,11.0,0.0059060821804232805,57477.806,user-556
730.8502261904762,0.02912621359223301,7.0,0.0014047570366478926,61391.419,user-836
288.8256186440678,0.04824561403508772,14.0,0.013152083954955365,68162.846,user-462
352.79140860215057,0.04090909090909091,13.0,0.007924055647867658,65619.202,user-705
459.2630141843972,0.04608294930875576,11.0,0.003812775214086817,64756.085,user-205
351.6845898876404,0.0380952380952381,14.0,0.006649948209065854,62599.857,user-868
325.1719417989418,0.05339805825242718,12.0,0.007041905035268987,61457.497,user-704
249.69038490566038,0.04504504504504504,17.0,0.011718696823613064,66167.952,user-204
593.1472631578947,0.037037037037037035,13.0,0.0021915372872112152,56348.99,user-551
589.8952168674698,0.036585365853658534,8.0,0.0014133402673857601,48961.303,user-795
597.1410612244898,0.030612244897959183,9.0,0.00198840393203922,58519.824,user-820
339.1032233502538,0.04035874439461883,12.0,0.008024187694873614,66803.335,user-389
358.9169114583333,0.0391304347826087,14.0,0.006300898339732864,68912.047,user-934
292.15179914529915,0.056768558951965066,11.0,0.009915311096808408,68363.521,user-952
784.924159090909,0.04329004329004329,7.0,0.0016488972614698422,69073.326,user-391
322.58333684210527,0.04390243902439024,12.0,0.00735375648762107,61290.834,user-252
434.71936,0.045871559633027525,9.0,0.0037011928143164882,65207.904,user-542
568.74335,0.031578947368421054,10.0,0.0018224640789340756,56874.335,user-544
396.1136954022989,0.04329004329004329,11.0,0.007451036686669108,68923.783,user-290
229.2819465020576,0.0481283422459893,15.0,0.01105876377182929,55715.513,user-193
304.8796968325792,0.03111111111111111,11.0,0.009124719737848976,67378.413,user-691
345.1816546391753,0.044642857142857144,13.0,0.007384272690588769,66965.241,user-277
213.5403801916933,0.0625,15.0,0.020622183412275803,66838.139,user-996
542.539720338983,0.02336448598130841,10.0,0.002692212283354081,64019.687,user-512
776.798421686747,0.027777777777777776,9.0,0.0013542124033798474,64474.269,user-559
642.6173917525773,0.03827751196172249,8.0,0.001819603596225225,62333.887,user-777
379.66264238410594,0.052083333333333336,10.0,0.00466535819212607,57329.059,user-901
449.89822962962967,0.04411764705882353,9.0,0.003932939809589055,60736.261,user-953
462.618231292517,0.05263157894736842,11.0,0.0038013295288537047,68004.88,user-307
631.8869347826086,0.03076923076923077,8.0,0.0014924938623091695,58133.598,user-899
298.5322183908046,0.040229885057471264,14.0,0.005846954956702248,51944.606,user-183
206.9357114624506,0.03977272727272727,16.0,0.011110257704740055,52354.735,user-407
859.40625,0.03783783783783784,8.0,0.0007467238592623448,55002.0,user-676
332.49011515151517,0.043478260869565216,10.0,0.006242732966693405,54860.869,user-250
499.9339044117647,0.039473684210526314,9.0,0.004090295973570565,67991.011,user-333
599.3128556701031,0.041025641025641026,10.0,0.0017166066718278285,58133.347,user-939
495.0966204379562,0.030837004405286344,9.0,0.003339753320674552,67828.237,user-476
680.0281976744186,0.030612244897959183,7.0,0.0016488975816122825,58482.425,user-765
957.6503492063492,0.029556650246305417,7.0,0.0007667511563312114,60331.972,user-566
534.3140818181818,0.04568527918781726,9.0,0.002617827289205586,58774.549,user-569
778.4687176470587,0.02702702702702703,10.0,0.001258844571561172,66169.841,user-531
679.8971235955056,0.034482758620689655,8.0,0.0018691960758534555,60510.844,user-976
498.47741666666667,0.02727272727272727,10.0,0.0030336248055265642,65799.019,user-369
341.789015625,0.0547945205479452,13.0,0.007618877501929178,65623.491,user-902
833.5744461538461,0.03867403314917127,8.0,0.0009460418623319054,54182.339,user-285
543.9067063492064,0.039301310043668124,12.0,0.0031480672514478704,68532.245,user-553
446.3143448275862,0.041474654377880185,9.0,0.00413702374315454,64715.58,user-95
286.32060696517414,0.05181347150259067,12.0,0.007522553070856346,57550.442,user-995
466.69202898550725,0.037037037037037035,9.0,0.003283486230416072,64403.5,user-274
909.6421690140845,0.037037037037037035,8.0,0.0009555778615285924,64584.594,user-463
620.397306930693,0.0380952380952381,8.0,0.0019321365452851843,62660.128,user-10
400.7118219178082,0.04591836734693878,11.0,0.004231437324036618,58503.926,user-427
466.4098661971831,0.036036036036036036,10.0,0.00432680590164166,66230.201,user-63
871.3999342105263,0.02702702702702703,7.0,0.000946994106921277,66226.395,user-460
1022.9969344262296,0.023923444976076555,9.0,0.0007839175395903276,62402.813,user-221
584.3479298245613,0.03139013452914798,9.0,0.002717008690515381,66615.664,user-329
897.3265614035088,0.023391812865497075,9.0,0.0006103490850340697,51147.614,user-45
460.013932885906,0.04782608695652174,11.0,0.004562361817063997,68542.076,user-223
269.9750170212766,0.03286384976525822,13.0,0.010576207599985956,63444.129,user-838
619.6971192660551,0.030837004405286344,9.0,0.002643576721303456,67546.986,user-187
583.7487291666666,0.03723404255319149,10.0,0.002072327708440843,56039.878,user-573
390.2707342657343,0.058823529411764705,10.0,0.003995880337228501,55808.715,user-645
1033.8198225806452,0.027906976744186046,7.0,0.0007772416993220687,64096.829,user-418
849.6021780821917,0.038461538461538464,6.0,0.001152034692491661,62020.959,user-344
528.9702605042016,0.052132701421800945,11.0,0.002712239245728578,62947.461,user-429
334.06614545454545,0.05945945945945946,10.0,0.00656507519304822,55120.914,user-21
615.9126813186814,0.026737967914438502,9.0,0.002023691131393163,56048.054,user-529
524.8515752212389,0.03535353535353535,8.0,0.0025844480423895134,59308.228,user-538
516.5755344827586,0.04,8.0,0.002247800057365742,59922.762,user-92
256.73107258064516,0.056338028169014086,14.0,0.011538460168551328,63669.306,user-981
375.90719161676645,0.0380952380952381,10.0,0.005298593885507564,62776.501,user-260
425.2850634920635,0.027932960893854747,11.0,0.0032319906713272305,53585.918,user-753
439.3894671052631,0.04484304932735426,9.0,0.004963858260437191,66787.199,user-310
517.3760173913043,0.02512562814070352,8.0,0.002540578563630068,59498.242,user-195
930.1804794520548,0.02643171806167401,6.0,0.0008220630643296315,67903.175,user-659
475.49243902439025,0.04591836734693878,11.0,0.003189075971011812,58485.57,user-797
344.6378571428572,0.048672566371681415,14.0,0.006865472654653653,67549.02,user-806
816.8301142857143,0.036458333333333336,9.0,0.0011110270534084553,57178.108,user-116
849.9128289473684,0.032407407407407406,7.0,0.001231189324240019,64593.375,user-622
385.4932580645161,0.045,11.0,0.004684430576145565,59751.455,user-636
304.8545662100457,0.04017857142857143,12.0,0.009099924985969612,66763.15,user-758
578.3821578947369,0.03619909502262444,9.0,0.00279521005903933,65935.566,user-426
289.5936376811594,0.03980099502487562,11.0,0.00716778364946177,59945.883,user-687
802.5185060240964,0.026905829596412557,8.0,0.0012550301798860582,66609.036,user-94
718.98409375,0.025974025974025976,10.0,0.001994126339916894,69022.473,user-99
403.64580116959064,0.03463203463203463,12.0,0.006126382744676369,69023.432,user-971
350.58012637362634,0.0514018691588785,13.0,0.006485914753261157,63805.583,user-887
332.1064824120603,0.05405405405405406,15.0,0.006483047805857801,66089.19,user-27
462.59628125,0.035175879396984924,9.0,0.0036687734591285322,59212.324,user-316
1165.246375,0.0319634703196347,8.0,0.0006475425234362311,65253.797,user-766
748.4870625,0.03482587064676617,8.0,0.0016946749092271035,59878.965,user-832
528.9069658119657,0.03365384615384615,10.0,0.0030422113068104984,61882.115,user-748
626.3689032258064,0.04081632653061224,10.0,0.0018386777992358584,58252.308,user-591
346.83734730538924,0.06153846153846154,11.0,0.006063441416680823,57921.837,user-482
411.48000606060606,0.04824561403508772,12.0,0.005704860139284779,67894.201,user-89
331.5598019323671,0.034782608695652174,15.0,0.008977859228223422,68632.879,user-708
594.3861711711711,0.031818181818181815,9.0,0.002698889480589729,65976.865,user-909
246.6,0.05339805825242718,19.0,0.013354256889172822,61650.0,user-759
371.0534310344828,0.037037037037037035,11.0,0.005127883836372277,64563.297,user-134
358.24088304093567,0.03414634146341464,15.0,0.005952813853562238,61259.191,user-896
480.5712338709678,0.04020100502512563,9.0,0.0029630547160086843,59590.833,user-272
373.21046666666666,0.03208556149732621,11.0,0.004502280004074016,55981.57,user-9
502.1178278688525,0.04390243902439024,8.0,0.002808559780522392,61258.375,user-78
268.5918080357143,0.05970149253731343,11.0,0.009093247235760658,60164.565,user-702
403.99930322580644,0.0430622009569378,10.0,0.004308682537140248,62619.892,user-617
618.31075,0.033816425120772944,9.0,0.0018300934807412902,61831.075,user-738
378.60906976744184,0.05045871559633028,11.0,0.005934693710494132,65120.76,user-390
707.7454432989691,0.030434782608695653,9.0,0.0019969871882429633,68651.308,user-3
653.8861881188119,0.02262443438914027,8.0,0.0022354052671219628,66042.505,user-946
396.38684768211925,0.03980099502487562,14.0,0.0049362019562821866,59854.414,user-357
382.2898875,0.03414634146341464,12.0,0.0053624922202112815,61166.382,user-405
374.30342696629214,0.04932735426008968,12.0,0.006386733846716952,66626.01,user-395
372.3322386363636,0.04090909090909091,12.0,0.006604172445783412,65530.474,user-363
1041.8345384615384,0.022026431718061675,6.0,0.0007934538261876144,67719.245,user-821
535.2598032786885,0.045662100456621,9.0,0.003102291750100152,65301.696,user-264
628.20600990099,0.028169014084507043,7.0,0.0016250531225447985,63448.807,user-58
385.37539306358383,0.03571428571428571,14.0,0.0046634443187720444,66669.943,user-568
417.62161249999997,0.053811659192825115,14.0,0.00504205734430827,66819.458,user-564
391.1433435582822,0.06103286384976526,11.0,0.005811672364852858,63756.365,user-631
366.9671340782123,0.04090909090909091,11.0,0.0066413648055238285,65687.117,user-549
418.6961066666667,0.05238095238095238,10.0,0.004229528889466096,62804.416,user-912
714.6120555555555,0.03255813953488372,8.0,0.0018014849701957283,64315.085,user-775
623.7741714285714,0.0319634703196347,9.0,0.002046576815693089,65496.288,user-358
394.68676923076924,0.03587443946188341,10.0,0.005977610031530654,66702.064,user-491
659.9649009900991,0.04035874439461883,8.0,0.002086631931881279,66656.455,user-417
289.5030588235294,0.04419889502762431,10.0,0.006984685209293528,54137.072,user-598
467.7940534351145,0.05853658536585366,10.0,0.003850924715140749,61281.021,user-419
323.05864390243903,0.04954954954954955,12.0,0.009262055198604496,66227.022,user-81
562.8045371900826,0.03508771929824561,9.0,0.003490437789868607,68099.349,user-61
621.0161523809523,0.027522935779816515,14.0,0.0026149672503305733,65206.696,user-729
522.497923076923,0.03296703296703297,10.0,0.002163879060382578,54339.784,user-54
395.186,0.0330188679245283,12.0,0.005143146918253863,63229.76,user-150
352.1079866666667,0.02824858757062147,9.0,0.004668219493380933,52816.198,user-889
399.543265625,0.029069767441860465,9.0,0.003659236706869514,51141.538,user-962
446.74119847328245,0.030612244897959183,10.0,0.0035743588996292215,58523.097,user-580
537.605912,0.03111111111111111,9.0,0.0031356697036135257,67200.739,user-652
317.51813609467456,0.03888888888888889,9.0,0.0066623488437281605,53660.565,user-372
403.48871014492755,0.053475935828877004,10.0,0.004050241112041135,55681.442,user-85
691.5592604166666,0.03587443946188341,9.0,0.0016527106090440426,66389.689,user-829
400.79012857142857,0.047872340425531915,11.0,0.0031099168299844222,56110.618,user-435
302.26712,0.043859649122807015,13.0,0.01008602273574195,68010.102,user-138
245.35675735294117,0.05357142857142857,17.0,0.015994019429804135,66737.038,user-464
523.9325409836065,0.046511627906976744,9.0,0.003104199100551956,63919.77,user-712
403.76489032258064,0.047619047619047616,14.0,0.004978162545723325,62583.558,user-978
234.70529924242425,0.05314009661835749,13.0,0.01491637033900401,61962.199,user-937
459.78546491228064,0.022857142857142857,8.0,0.0023031136424739914,52415.543,user-191
699.7031764705882,0.035175879396984924,12.0,0.001811976202584227,59474.77,user-612
488.91169402985076,0.0273972602739726,10.0,0.0037641395410777326,65514.167,user-213
761.5059629629629,0.02912621359223301,10.0,0.0012531231313867835,61681.983,user-703
786.4824805194805,0.029556650246305417,7.0,0.001409526450511846,60559.151,user-59
340.8976506024096,0.05789473684210526,11.0,0.005305269916769892,56589.01,user-146
283.0031902173913,0.05747126436781609,16.0,0.006966566397726935,52072.587,user-409
501.3813359375,0.027906976744186046,10.0,0.003273951915605179,64176.811,user-113
343.9483333333333,0.04265402843601896,11.0,0.007184958360062317,62942.545,user-175
747.5951081081082,0.03763440860215054,7.0,0.0013456306278348904,55322.038,user-924
783.7757471264368,0.02631578947368421,7.0,0.001874918450989289,68188.49,user-100
624.5837196261682,0.03125,8.0,0.0023517524987175676,66830.458,user-453
557.5027704918033,0.03070175438596491,9.0,0.003230084230370996,68015.338,user-781
341.09973053892213,0.04712041884816754,10.0,0.005374887903579709,56963.655,user-548
924.496,0.03333333333333333,8.0,0.0006628011160476881,53620.768,user-475
724.2246547619047,0.03431372549019608,7.0,0.0015954920818282564,60834.871,user-247
698.2880375,0.03208556149732621,7.0,0.0014638855045588633,55863.043,user-593
293.590092920354,0.06278026905829596,14.0,0.010178528820652934,66351.361,user-121
699.4385,0.047872340425531915,7.0,0.0011110256709751902,55955.08,user-774
257.83815044247785,0.05102040816326531,11.0,0.009585342830142002,58271.422,user-82
579.7527894736842,0.02702702702702703,7.0,0.0019836360879646187,55076.515,user-52
378.3518064516129,0.06598984771573604,13.0,0.00488088767268134,58644.53,user-408
458.6498976377953,0.035897435897435895,10.0,0.0031261324893307584,58248.537,user-30
354.5481656804734,0.035,12.0,0.005943277723398189,59918.64,user-515
365.6481509433962,0.05154639175257732,12.0,0.0047435572905490785,58138.056,user-294
307.3505681818182,0.04424778761061947,12.0,0.009289705954836528,67617.125,user-336
802.3518795180722,0.04035874439461883,8.0,0.0015640209530782476,66595.206,user-364
348.5585904255319,0.0365296803652968,11.0,0.005988094255346297,65529.015,user-890
420.5709689440994,0.05726872246696035,11.0,0.005353908849411096,67711.926,user-959
421.0379872611465,0.05429864253393665,11.0,0.005487424545191679,66102.964,user-583
745.0373023255814,0.027906976744186046,7.0,0.0014162008264922386,64073.208,user-20
645.4400761904761,0.02643171806167401,9.0,0.0023765484438551185,67771.208,user-48
807.0056625,0.023148148148148147,11.0,0.001238818151246034,64560.453,user-136
366.22109411764706,0.04784688995215311,13.0,0.005875566472221171,62257.586,user-830
433.4382954545455,0.036458333333333336,10.0,0.0037069195150132486,57213.855,user-370
550.1976525423729,0.022935779816513763,11.0,0.0030050177574498776,64923.323,user-635
308.71677184466023,0.04225352112676056,13.0,0.00928017465227496,63595.655,user-969
331.676265625,0.04225352112676056,12.0,0.007061931170002516,63681.843,user-240
493.9312910447761,0.02702702702702703,10.0,0.003909098175414809,66186.793,user-510
468.38472262773723,0.037209302325581395,11.0,0.0037917953777520143,64168.707,user-84
1123.1704642857144,0.02843601895734597,6.0,0.0006856895324723038,62897.546,user-678
307.9690414746544,0.04017857142857143,12.0,0.008731807145489628,66829.282,user-401
525.2280260869564,0.03940886699507389,10.0,0.002435674288780868,60401.223,user-599
610.8309,0.035555555555555556,12.0,0.002688399255922321,67191.399,user-590
1136.8814210526316,0.027649769585253458,6.0,0.0008487678915095245,64802.241,user-478
445.0740378787879,0.04060913705583756,11.0,0.0038232678925732705,58749.773,user-609
272.3933076923077,0.044444444444444446,12.0,0.011644318570645728,67281.147,user-787
410.90132857142856,0.036458333333333336,14.0,0.0035619588870618845,57526.186,user-816
358.17832824427484,0.050955414012738856,12.0,0.003244387271467192,46921.361,user-711
248.9694074074074,0.06962025316455696,12.0,0.006555530670059059,47055.218,user-514
450.22486713286713,0.03255813953488372,10.0,0.0037746276848192786,64382.156,user-627
518.9018983050847,0.03414634146341464,8.0,0.0023946656128727133,61230.424,user-857
562.8323305084746,0.02702702702702703,9.0,0.002438534673264197,66414.215,user-454
892.1273846153846,0.030927835051546393,9.0,0.0007781950225731853,57988.28,user-495
447.8293787878788,0.045454545454545456,9.0,0.0032644142101948045,59113.478,user-581
388.32299337748344,0.04081632653061224,10.0,0.0039291209177298655,58636.772,user-149
941.6015901639344,0.03125,8.0,0.0007953616423011494,57437.697,user-967
329.11437810945273,0.04524886877828054,14.0,0.007215469648115961,66151.99,user-822
625.7812916666667,0.03482587064676617,7.0,0.001582138642327308,60075.004,user-315
242.64993449781662,0.05913978494623656,13.0,0.010082206375918425,55566.835,user-206
496.68178571428575,0.043010752688172046,12.0,0.0024385359392820292,55628.36,user-410
465.4272330827067,0.028985507246376812,13.0,0.0029697283225558254,61901.822,user-288
558.4456422018349,0.029411764705882353,9.0,0.00195883790910595,60870.575,user-259
191.57625098039216,0.06707317073170732,12.0,0.015014603151896622,48851.944,user-104
672.2177078651686,0.03482587064676617,8.0,0.0016097964144081607,59827.376,user-527
604.6890119047619,0.04678362573099415,7.0,0.0013723320789672307,50793.877,user-885
949.0067164179104,0.028169014084507043,8.0,0.0009384122167798783,63583.45,user-327
382.20390853658535,0.03333333333333333,15.0,0.005806903689499307,62681.441,user-399
412.0859716312057,0.041025641025641026,11.0,0.003881439830351748,58104.122,user-578
642.7630833333334,0.027624309392265192,12.0,0.0014963098583344672,53992.099,user-998
618.6916860465117,0.0335195530726257,8.0,0.0016870445906483553,53207.485,user-997
366.294309352518,0.04678362573099415,10.0,0.003978715216349234,50914.909,user-731
439.9789185185185,0.02512562814070352,10.0,0.0035724505741981678,59397.154,user-413
438.87606122448983,0.041666666666666664,11.0,0.005285248180356935,64514.781,user-152
364.44422499999996,0.03571428571428571,10.0,0.005143146918253863,58311.076,user-266
343.8887311827957,0.046511627906976744,17.0,0.0065984470838641295,63963.304,user-585
614.9379238095238,0.04608294930875576,9.0,0.002246848613132471,64568.482,user-47
1147.0748,0.03468208092485549,7.0,0.00045013278213303434,51618.366,user-673
644.7046421052632,0.03902439024390244,9.0,0.001602165997603891,61246.941,user-233
820.89246875,0.022727272727272728,8.0,0.0007638900133285775,52537.118,user-176
306.33994845360826,0.05527638190954774,13.0,0.0067128853315538885,59429.95,user-12
524.7474960000001,0.0319634703196347,10.0,0.002712237903313118,65593.437,user-933
426.4784810126582,0.04,12.0,0.004734974503645049,67383.6,user-679
539.6418048780488,0.036036036036036036,11.0,0.003110874602487863,66375.942,user-692
256.4766359223301,0.04519774011299435,12.0,0.009131401317034276,52834.187,user-966
643.3194222222222,0.041237113402061855,8.0,0.0017270983025753864,57898.748,user-871
280.9282833333333,0.05333333333333334,13.0,0.0125035830623866,67422.788,user-234
407.714059602649,0.04854368932038835,10.0,0.00483320503188479,61564.823,user-348
248.4079071729958,0.04568527918781726,13.0,0.011608083332209924,58872.674,user-174
616.8767314814814,0.03587443946188341,10.0,0.0023717794811009673,66622.687,user-773
428.0345263157895,0.045871559633027525,11.0,0.004965765610888994,65061.248,user-597
563.9815961538461,0.025510204081632654,9.0,0.0025625153048095383,58654.086,user-809
384.61464497041425,0.045871559633027525,12.0,0.004499413431382835,64999.875,user-767
700.9486835443038,0.02702702702702703,7.0,0.0012378646224489188,55374.946,user-279
439.23872222222224,0.03783783783783784,9.0,0.0034360771696702198,55344.079,user-283
309.0672102803738,0.03619909502262444,13.0,0.008789982515704384,66140.383,user-182
504.2384375,0.037037037037037035,9.0,0.00342653995174947,64542.52,user-297
330.5378102564103,0.05092592592592592,11.0,0.007123918998304805,64454.873,user-867
339.36741414141414,0.044444444444444446,14.0,0.008072824770324866,67194.748,user-619
488.43521495327104,0.02857142857142857,13.0,0.00192832069841716,52262.568,user-926
468.5582518518519,0.02358490566037736,11.0,0.0041961541719379575,63255.364,user-445
515.0295607476636,0.03783783783783784,11.0,0.002424231815886106,55108.163,user-940
606.3685471698113,0.03255813953488372,9.0,0.0020055685872567546,64275.066,user-540
400.4193333333333,0.04524886877828054,11.0,0.005594233813080168,66069.19,user-728
547.281137254902,0.0427807486631016,11.0,0.0023927614929491713,55822.676,user-226
457.4443,0.037209302325581395,10.0,0.003584847092483528,64042.202,user-337
535.5627881355932,0.04245283018867924,10.0,0.0024766816823002698,63196.409,user-123
338.85855555555554,0.04888888888888889,12.0,0.007264108178760123,67093.994,user-701
499.9605918367347,0.04242424242424243,9.0,0.0019121099139670743,48996.138,user-960
521.1945044247788,0.04040404040404041,10.0,0.002269735217841913,58894.979,user-340
509.69241739130433,0.04591836734693878,8.0,0.0029277707053462065,58614.628,user-436
376.71029710144927,0.028735632183908046,14.0,0.003941522136288327,51986.021,user-698
402.33576978417267,0.0427807486631016,9.0,0.003738389059421976,55924.672,user-313
340.02868918918915,0.047619047619047616,11.0,0.004900916794198318,50324.246,user-764
344.718,0.049107142857142856,12.0,0.008070918853238079,66875.292,user-267
544.1278921568628,0.03225806451612903,10.0,0.0018052975537936507,55501.045,user-662
1136.6016346153845,0.020202020202020204,6.0,0.0006780605308431397,59103.285,user-746
1005.0831166666667,0.024752475247524754,6.0,0.0008058521816540244,60304.987,user-554
627.836426966292,0.03208556149732621,9.0,0.001628869918926197,55877.442,user-323
637.5217766990291,0.031818181818181815,8.0,0.001836768647982828,65664.743,user-444
358.8753333333333,0.03389830508474576,14.0,0.004465087486081371,52754.674,user-422
295.2432525773196,0.03125,12.0,0.00788781320986493,57277.191,user-158
456.500832,0.05235602094240838,11.0,0.0034313090236430897,57062.604,user-201
495.1360317460318,0.03827751196172249,9.0,0.0032739523812669105,62387.14,user-681
523.3409593495935,0.037037037037037035,10.0,0.0034522903333607143,64370.938,user-70
577.4777027027027,0.03255813953488372,9.0,0.0023631958010722886,64100.025,user-498
577.7315309734513,0.0365296803652968,13.0,0.002759924283955448,65283.663,user-173
453.705,0.03225806451612903,8.0,0.00260828798308301,55352.01,user-171
335.5556294416244,0.04504504504504504,12.0,0.007247896060989533,66104.459,user-485
546.11425,0.03409090909090909,8.0,0.0019750528353988574,52426.968,user-883
311.512859375,0.04477611940298507,13.0,0.007983181438223673,59810.469,user-796
406.73565753424657,0.04020100502512563,11.0,0.004208549118614974,59383.406,user-980
814.1946438356164,0.045,8.0,0.0011501273420398573,59436.209,user-314
268.99374449339206,0.05853658536585366,12.0,0.010086021909919973,61061.58,user-196
356.49754375000003,0.0625,10.0,0.005946141458463195,57039.607,user-496
407.97977702702707,0.039603960396039604,14.0,0.003846151994350906,60381.007,user-833
638.4312,0.03314917127071823,7.0,0.0015125221816510558,54266.652,user-393
475.6621192660551,0.023121387283236993,8.0,0.002248755177780103,51847.171,user-387
422.0868775510204,0.033816425120772944,10.0,0.003967269018160621,62046.771,user-490
265.861988,0.04504504504504504,12.0,0.010662985401677889,66465.497,user-209
649.431414141414,0.037209302325581395,11.0,0.0016899034053423322,64293.71,user-311
530.3580083333333,0.04225352112676056,10.0,0.003622998867276383,63642.961,user-211
383.7767702702703,0.03684210526315789,12.0,0.005003913718595715,56798.962,user-487
314.7558957345972,0.04954954954954955,12.0,0.009164778044547623,66413.494,user-114
364.98071052631576,0.026881720430107527,13.0,0.004012090384987175,55477.068,user-541
1253.198423076923,0.022935779816513763,6.0,0.0006875972831021579,65166.318,user-881
551.1329375,0.033816425120772944,10.0,0.0028963000477149024,61726.889,user-317
542.0182551020408,0.0449438202247191,7.0,0.0018300938445395178,53117.789,user-727
342.05248066298344,0.057692307692307696,13.0,0.006368613032441116,61911.499,user-69
640.6818414634146,0.03409090909090909,6.0,0.0010251946023294798,52535.911,user-160
802.0299090909091,0.028985507246376812,7.0,0.001056666616928173,61756.303,user-994
389.45887412587416,0.0374331550802139,11.0,0.004068359654397039,55692.619,user-268
430.49977536231887,0.035175879396984924,10.0,0.00306223357800685,59408.969,user-362
623.1470865384615,0.03225806451612903,8.0,0.002079955640503218,64807.297,user-269
668.0582989690722,0.03686635944700461,7.0,0.001787178638544563,64801.655,user-140
460.83675206611565,0.058823529411764705,9.0,0.003526677448452876,55761.247,user-706
465.60407692307695,0.0297029702970297,11.0,0.003569590762697047,60528.53,user-437
578.9863333333334,0.023809523809523808,8.0,0.0016364996445138343,50371.811,user-96
485.86179338842976,0.05583756345177665,9.0,0.002752293165020599,58789.277,user-688
278.0347844827586,0.046296296296296294,12.0,0.011284789572491273,64504.07,user-625
473.3156386554622,0.0425531914893617,10.0,0.0031375783964807894,56324.561,user-982
439.9354965986395,0.037037037037037035,10.0,0.004503234495117444,64670.518,user-380
509.50513333333333,0.027932960893854747,10.0,0.0019168769849704417,53498.039,user-713
518.325298245614,0.03535353535353535,10.0,0.002320279796540224,59089.084,user-626
426.0958958333333,0.03902439024390244,11.0,0.004326805377772212,61357.809,user-74
843.9806081081082,0.03349282296650718,7.0,0.0013284644737686577,62454.565,user-843
549.4410666666666,0.03167420814479638,12.0,0.002869595438813946,65932.928,user-455
327.5211011904762,0.05434782608695652,11.0,0.006255129830587082,55023.545,user-477
509.66674193548386,0.031446540880503145,10.0,0.001840585149687662,47399.007,user-282
375.889387283237,0.03669724770642202,15.0,0.005630470997836489,65028.864,user-894
706.9155161290322,0.031818181818181815,12.0,0.001846307201043073,65743.143,user-6
303.45090173410404,0.05113636363636364,10.0,0.005821206043016853,52497.006,user-873
489.1562677165354,0.03365384615384615,10.0,0.0032672764227642277,62122.846,user-630
486.15194074074077,0.031818181818181815,9.0,0.0034065110848912512,65630.512,user-98
287.40756944444445,0.03365384615384615,11.0,0.009285892847369158,62080.035,user-910
295.7042588832487,0.06153846153846154,11.0,0.008153887525596261,58253.739,user-39
247.35186821705426,0.04672897196261682,15.0,0.012816380351022274,63816.782,user-716
450.4505504587156,0.048484848484848485,9.0,0.0024413975734122705,49099.11,user-620
545.8433663366337,0.032432432432432434,9.0,0.001985542357935686,55130.18,user-44
822.3706875,0.031818181818181815,10.0,0.0012292813989870158,65789.655,user-928
319.5582705882353,0.054945054945054944,10.0,0.005335786294360741,54324.906,user-740
427.91978571428575,0.04477611940298507,11.0,0.0034780354671825244,59908.77,user-238
392.7376666666667,0.05789473684210526,10.0,0.0036630474205445462,56554.224,user-835
392.2785365853658,0.05092592592592592,14.0,0.005333880777452005,64333.68,user-164
345.018,0.05583756345177665,12.0,0.005841234164088705,58653.06,user-91
303.9001388888889,0.04891304347826087,10.0,0.005959486690676127,54702.025,user-846
624.6480315789473,0.03015075376884422,11.0,0.0014324118073933672,59341.563,user-299
402.5745,0.03636363636363636,9.0,0.00352572355040056,49114.089,user-29
502.8304016393443,0.04854368932038835,8.0,0.0028047450796187846,61345.309,user-76
334.96205681818185,0.06091370558375635,13.0,0.006773926635993936,58953.322,user-112
346.7168058823529,0.04060913705583756,12.0,0.005694368179299825,58941.857,user-511
508.63944,0.03755868544600939,10.0,0.003288257739757817,63579.93,user-220
609.0778979591837,0.045,12.0,0.0020208288897198817,59689.634,user-942
475.8248780487805,0.03571428571428571,9.0,0.0029125101555002846,58526.46,user-424
246.7712842639594,0.05521472392638037,12.0,0.007499666320627613,48613.943,user-956
383.4813846153846,0.04,11.0,0.004567128238687528,59823.096,user-129
743.6649759036144,0.033816425120772944,8.0,0.0013427683006690255,61724.193,user-603
499.80965999999995,0.03592814371257485,7.0,0.0019178316015242575,49980.966,user-985
822.4418636363637,0.03296703296703297,6.0,0.0010576217427995076,54281.163,user-471
320.1887650273224,0.030612244897959183,13.0,0.006771063312020927,58594.544,user-130
286.3238149779736,0.05504587155963303,12.0,0.009540519680704133,64995.506,user-450
751.5709333333333,0.037037037037037035,10.0,0.0012073475827452957,56367.82,user-347
369.986736196319,0.039603960396039604,11.0,0.005548458002503956,60307.838,user-161
471.8426422018349,0.03468208092485549,10.0,0.002338400649014874,51430.848,user-179
435.6538679245283,0.03225806451612903,9.0,0.0022115624360515476,46179.31,user-432
517.4135052631578,0.04242424242424243,8.0,0.0016612938616098038,49154.283,user-227
535.0275420560747,0.026041666666666668,8.0,0.0025272287402835023,57247.947,user-322
626.4980133333333,0.03164556962025317,7.0,0.0008430436464508008,46987.351,user-854
343.1756810810811,0.04225352112676056,12.0,0.007064794608571966,63487.501,user-440
316.53272043010753,0.050505050505050504,13.0,0.006501172210822144,58875.086,user-383
678.2551071428571,0.03664921465968586,9.0,0.0014791437042682345,56973.429,user-231
526.0795918367347,0.04046242774566474,8.0,0.00205134649694874,51555.8,user-639
417.3304772727273,0.043243243243243246,11.0,0.003636347548296514,55087.623,user-872
318.1103317073171,0.045662100456621,12.0,0.009525269560953398,65212.618,user-265
494.0396370967742,0.03414634146341464,11.0,0.0029306297583280225,61260.915,user-483
449.4137181818182,0.030303030303030304,9.0,0.002202024890712393,49435.509,user-988
454.66965217391305,0.03428571428571429,8.0,0.0027732753187501118,52287.01,user-973
845.8227333333333,0.02830188679245283,7.0,0.0010967212565406847,63436.705,user-428
501.78499166666666,0.05472636815920398,8.0,0.0028524292847477133,60214.199,user-456
586.080027027027,0.03225806451612903,9.0,0.0028648289698966455,65054.883,user-101
631.59525,0.03932584269662921,8.0,0.0014982172087862709,53054.001,user-507
368.01630726256985,0.05,11.0,0.006242728561096868,65874.919,user-342
439.0250882352941,0.04,10.0,0.003710733233661641,59707.412,user-778
414.62676428571433,0.041237113402061855,10.0,0.004105553765825921,58047.747,user-230
743.1303571428572,0.034482758620689655,10.0,0.0008840523496438223,52019.125,user-67
541.5334033613445,0.037037037037037035,9.0,0.003282537030817866,64442.475,user-5
445.669,0.043478260869565216,11.0,0.003774628718006245,61947.991,user-719
561.702,0.030612244897959183,9.0,0.0022077481207740616,58417.008,user-467
824.8740461538462,0.03888888888888889,7.0,0.001001355025434211,53616.813,user-40
614.5301428571429,0.03208556149732621,7.0,0.0017414032645262246,55922.243,user-855
467.20454237288135,0.043243243243243246,9.0,0.003039350065582343,55130.136,user-354
687.7289545454546,0.029556650246305417,7.0,0.0014028490531871728,60520.148,user-710
298.42609999999996,0.04090909090909091,12.0,0.010083163742786842,65653.742,user-406
598.0778125,0.04145077720207254,9.0,0.001988404288561483,57415.47,user-470
414.6328796296296,0.052980132450331126,8.0,0.0025777733298957602,44780.351,user-458
667.8732602739726,0.036585365853658534,7.0,0.0012855492241179156,48754.748,user-151
304.75915311004786,0.04205607476635514,13.0,0.0077056557165321,63694.663,user-918
359.89556944444445,0.04046242774566474,10.0,0.0039567793901223065,51824.962,user-446
357.02061842105263,0.03867403314917127,11.0,0.004080755001252106,54267.134,user-647
871.8864246575342,0.028169014084507043,8.0,0.000904079133757188,63647.709,user-200
349.14012637362634,0.0330188679245283,16.0,0.00765130587931318,63543.503,user-459
565.2144310344828,0.0273972602739726,8.0,0.002663602455858935,65564.874,user-886
442.4165905511811,0.03723404255319149,15.0,0.003423679159812126,56186.907,user-789
1098.489105263158,0.023923444976076555,6.0,0.000703809257172448,62613.879,user-803
341.44446969696975,0.033112582781456956,10.0,0.004136073366669067,45070.67,user-794
1126.266673076923,0.025510204081632654,8.0,0.0007009487362647834,58565.867,user-658
593.9108021978022,0.027624309392265192,8.0,0.0019035280529295338,54045.883,user-616
636.1587604166666,0.03431372549019608,8.0,0.0022020275391634904,61071.241,user-745
915.535661971831,0.03211009174311927,7.0,0.0010909997436066507,65003.032,user-246
632.6136868686868,0.03333333333333333,8.0,0.001907341356847947,62628.755,user-431
275.99735169491527,0.05045871559633028,13.0,0.010327297935834177,65135.375,user-888
419.4673594771242,0.037209302325581395,13.0,0.004297238998316679,64178.506,user-761
642.6987872340426,0.0297029702970297,8.0,0.001769059335850363,60413.686,user-560
601.0668000000001,0.029239766081871343,7.0,0.0012683813238201901,51090.678,user-189
447.90489814814816,0.037037037037037035,9.0,0.0021905811881796217,48373.729,user-244
648.0669200000001,0.03680981595092025,7.0,0.0010337786916311646,48605.019,user-661
722.9978314606742,0.027777777777777776,8.0,0.0018730107767570628,64346.807,user-815
358.97657746478876,0.04678362573099415,9.0,0.003552421618209383,50974.674,user-480
446.64206666666666,0.03888888888888889,11.0,0.003006924671343808,53597.048,user-757
632.8289677419355,0.04040404040404041,8.0,0.0017280514730312474,58853.094,user-784
536.8267933884298,0.03225806451612903,8.0,0.0031719102644173994,64956.042,user-506
388.28154248366013,0.035175879396984924,9.0,0.004640562079641334,59407.076,user-827
464.6673769230769,0.0297029702970297,8.0,0.0033559675120950396,60406.759,user-666
586.1063855421686,0.03067484662576687,7.0,0.0016097973639215349,48646.83,user-304
300.61387425149695,0.047619047619047616,9.0,0.00525472482511608,50202.517,user-394
401.026,0.04419889502762431,11.0,0.003593431429168008,54138.51,user-374
366.1086363636364,0.043209876543209874,13.0,0.003699290113206034,48326.34,user-503
436.4560839160839,0.0430622009569378,11.0,0.00417898598060165,62413.22,user-481
456.7390882352941,0.04807692307692308,12.0,0.0034036498109212554,62116.516,user-589
427.0864027777778,0.038834951456310676,11.0,0.003952964689218699,61500.442,user-725
829.8785135135134,0.043689320388349516,7.0,0.001105304470907632,61411.01,user-653
341.7017653631285,0.04878048780487805,10.0,0.005952811292422715,61164.616,user-194
470.0986350364963,0.041666666666666664,10.0,0.003709779308324458,64403.513,user-770
485.70631967213114,0.045454545454545456,12.0,0.0033006561970877306,59256.171,user-602
337.57370984455963,0.04128440366972477,13.0,0.006813021584067356,65151.726,user-106
483.96899206349207,0.0392156862745098,11.0,0.0032853964839777323,60980.093,user-837
486.9610784313725,0.041916167664670656,7.0,0.0017843166988238107,49670.03,user-412
485.45602399999996,0.034482758620689655,10.0,0.003330219449697497,60682.003,user-210
585.8321037735849,0.03365384615384615,7.0,0.0020856773062325074,62098.203,user-763
674.39059375,0.03686635944700461,9.0,0.0021791393337418467,64741.497,user-750
620.0572254901961,0.03773584905660377,9.0,0.001919738580901869,63245.837,user-298
856.41215625,0.03804347826086957,9.0,0.000845906082756134,54810.378,user-955
512.8561965811965,0.029850746268656716,8.0,0.0025463001893415525,60004.175,user-278
552.5281274509804,0.037037037037037035,12.0,0.002125732429696662,56357.869,user-124
527.1814462809917,0.03271028037383177,10.0,0.0035133259952902507,63788.955,user-35
701.7028915662651,0.03076923076923077,8.0,0.001461024028680851,58241.34,user-365
257.30550495049505,0.045714285714285714,12.0,0.009108514603185366,51975.712,user-694
680.1266374999999,0.0273224043715847,7.0,0.0010614345592282956,54410.131,user-915
650.0019662921349,0.03608247422680412,7.0,0.001228326324047433,57850.175,user-874
716.6436585365853,0.04060913705583756,8.0,0.0013818691368167602,58764.78,user-800
420.74369798657716,0.0380952380952381,11.0,0.004848464384834543,62690.811,user-68
505.41588,0.047058823529411764,9.0,0.002337448700921058,50541.588,user-190
374.081472868217,0.031055900621118012,14.0,0.003040301249699881,48256.51,user-668
285.39870476190475,0.035,13.0,0.008713690047412688,59933.728,user-776
360.4544647887324,0.04678362573099415,8.0,0.0032338940927581755,51184.534,user-438
845.3391470588235,0.03125,7.0,0.0009603466223747272,57483.062,user-57
654.1764583333334,0.04285714285714286,9.0,0.0025129256628074834,62800.94,user-300
380.12055,0.056179775280898875,12.0,0.0039033746179347358,53216.877,user-19
515.9445739130434,0.035175879396984924,9.0,0.0023937125788411878,59333.626,user-717
765.2790243902439,0.03333333333333333,7.0,0.0012502619556423091,62752.88,user-786
647.00348,0.04294478527607362,12.0,0.0012226063863597248,48525.261,user-979
623.2133555555555,0.031914893617021274,8.0,0.0013933119735097498,56089.202,user-769
260.7170979381443,0.047337278106508875,11.0,0.008631679886068349,50579.117,user-243
542.6843689320388,0.0374331550802139,9.0,0.0024337693393973667,55896.49,user-319
539.3963944954128,0.025380710659898477,8.0,0.0020084290208528446,58794.207,user-11
863.593779661017,0.029239766081871343,7.0,0.0007152531452423155,50952.033,user-332
448.68461538461537,0.03076923076923077,8.0,0.0036821244393534618,58329.0,user-466
579.5942547169811,0.02912621359223301,11.0,0.002409926883039126,61436.991,user-949
569.6691546391753,0.03783783783783784,9.0,0.0016860890645989703,55257.908,user-963
302.8073103448276,0.04854368932038835,12.0,0.006666151979486111,61469.884,user-919
415.2418421052631,0.03783783783783784,11.0,0.0034274924309886986,55227.165,user-755
286.9333191489362,0.0718232044198895,12.0,0.007788633081848932,53943.464,user-841
870.5620138888888,0.03333333333333333,7.0,0.0011472664500580005,62680.465,user-530
308.339774566474,0.0446927374301676,10.0,0.006399133229913355,53342.781,user-249
533.030185840708,0.034653465346534656,8.0,0.00289725351648531,60232.411,user-903
447.07366666666667,0.03977272727272727,8.0,0.002658833865997967,52307.619,user-181
269.73090128755365,0.037914691943127965,13.0,0.010333974947532729,62847.3,user-192
588.0095473684211,0.0425531914893617,8.0,0.0017585687346517893,55860.907,user-404
221.15034854771784,0.0670391061452514,13.0,0.009408906515048837,53297.234,user-411
853.3399655172414,0.04216867469879518,7.0,0.0006856893214693318,49493.718,user-275
387.27093902439026,0.04225352112676056,10.0,0.005444507103656616,63512.434,user-518
305.65226966292136,0.04918032786885246,13.0,0.00593469178963949,54406.104,user-600
551.9900825688073,0.03482587064676617,8.0,0.002738944243893638,60166.919,user-951
619.5159157894736,0.03553299492385787,11.0,0.001918786172603295,58854.012,user-83
623.9173292682926,0.04093567251461988,8.0,0.0013952205899793856,51161.221,user-166
551.9552040816327,0.03314917127071823,8.0,0.0022706917989061583,54091.61,user-984
688.963058139535,0.025252525252525252,7.0,0.0014047567237814168,59250.823,user-923
431.73153719008263,0.02857142857142857,12.0,0.003042210433694752,52239.516,user-834
398.1964155844156,0.04878048780487805,17.0,0.005244238216603055,61322.248,user-596
340.83884615384613,0.04054054054054054,10.0,0.0029935709262523483,44309.05,user-286
336.3298342857143,0.04568527918781726,11.0,0.006734826272783897,58857.721,user-657
633.4695346534654,0.037383177570093455,10.0,0.0019302291948333807,63980.423,user-330
522.8346635514018,0.0374331550802139,9.0,0.0023193275410369057,55943.309,user-675
477.361608,0.04,9.0,0.0035858044102391844,59670.201,user-303
233.05265217391306,0.05116279069767442,14.0,0.01271528200226343,64322.532,user-284
391.4804285714286,0.03317535545023697,11.0,0.004880885937363794,63028.349,user-486
987.9756111111111,0.0335195530726257,6.0,0.0006856897361993113,53350.683,user-991
251.30084897959182,0.038834951456310676,15.0,0.011636690067420135,61568.708,user-798
616.2134554455446,0.03349282296650718,10.0,0.00226020082299541,62237.559,user-571
257.8709377777778,0.035897435897435895,16.0,0.010271035729566903,58020.961,user-917
407.5769411764706,0.03827751196172249,10.0,0.003982526173769079,62359.272,user-154
445.2803821138212,0.043478260869565216,10.0,0.0028667337446569973,54769.487,user-904
1039.899090909091,0.03125,7.0,0.0006504036518869358,57194.45,user-43
975.39359375,0.03349282296650718,6.0,0.0007581679619731666,62425.19,user-660
363.6970612244898,0.03910614525139665,14.0,0.004035933634425552,53463.468,user-684
556.8063703703704,0.026490066225165563,7.0,0.0013542127053323763,45101.316,user-847
525.5696470588235,0.0430622009569378,9.0,0.0026931657412105417,62542.788,user-237
888.8096545454546,0.03048780487804878,6.0,0.000617978694206274,48884.531,user-178
388.14643243243245,0.036458333333333336,9.0,0.004673942090433685,57445.672,user-532
603.2149368421052,0.03125,9.0,0.001892083266278044,57305.419,user-144
832.9609701492537,0.026737967914438502,7.0,0.000671383153527369,55808.385,user-343
953.8171403508771,0.03296703296703297,7.0,0.0007209754112386807,54367.577,user-434
486.11941666666667,0.046511627906976744,10.0,0.0033597817327849864,64167.763,user-536
352.9730769230769,0.04186046511627907,11.0,0.00623032979271947,64241.1,user-629
489.7961755725191,0.04186046511627907,10.0,0.003824221808815498,64163.299,user-878
842.5751733333334,0.03317535545023697,7.0,0.001142497667383972,63193.138,user-97
653.8781630434783,0.029850746268656716,8.0,0.0017766890796279116,60156.791,user-914
243.44381165919282,0.038461538461538464,13.0,0.01117512066226784,54287.97,user-722
726.3320113636363,0.028037383177570093,9.0,0.0016469899110180385,63917.217,user-416
333.85191823899373,0.056179775280898875,11.0,0.004535656091302482,53082.455,user-929
496.246608,0.038461538461538464,13.0,0.0028037907249996927,62030.826,user-858
844.6072931034482,0.036585365853658534,6.0,0.0007009481250837609,48987.223,user-386
505.6796788990826,0.02702702702702703,10.0,0.0019340423532325027,55119.085,user-377
1150.563981818182,0.0330188679245283,6.0,0.0005550361292967539,63281.019,user-840
657.5113854166666,0.02830188679245283,8.0,0.0016736914640138826,63121.093,user-584
340.27203743315505,0.04672897196261682,14.0,0.006858800079474488,63630.871,user-736
380.8747986577181,0.042105263157894736,10.0,0.004367812070980026,56750.345,user-493
444.65735074626866,0.04020100502512563,11.0,0.0029859405567418482,59584.085,user-157
548.6549906542056,0.04081632653061224,9.0,0.0020675572813988255,58706.084,user-509
640.7997472527474,0.041025641025641026,7.0,0.0016593871950986681,58312.777,user-614
317.1406836734694,0.04807692307692308,13.0,0.008778545157812703,62159.574,user-983
690.9127272727272,0.0449438202247191,7.0,0.0011291459340967112,53200.28,user-216
655.1551612903226,0.029411764705882353,8.0,0.0013618401862849489,60929.43,user-557
571.8998469387755,0.047872340425531915,13.0,0.0021066596600510454,56046.185,user-108
352.49555414012735,0.05945945945945946,9.0,0.004356365727272122,55341.802,user-545
472.44909345794395,0.029585798816568046,8.0,0.002059927879591611,50552.053,user-961
418.80762773722626,0.03125,12.0,0.0038261276858844798,57376.645,user-306
450.6486216216216,0.03571428571428571,9.0,0.002277365030741125,50021.997,user-301
694.7845714285714,0.03571428571428571,8.0,0.0010881368616484886,58361.904,user-686
623.6465617977528,0.03763440860215054,11.0,0.0018463078704318119,55504.544,user-270
363.67389436619715,0.03468208092485549,13.0,0.004275307439442962,51641.693,user-305
408.78415789473684,0.02403846153846154,14.0,0.004456503040257423,62135.192,user-400
279.8626910994764,0.06111111111111111,14.0,0.006303759715566364,53453.774,user-8
481.26118260869566,0.026881720430107527,10.0,0.0028915310467619373,55345.036,user-484
607.8068627450981,0.028846153846153848,10.0,0.0018358151610225089,61996.3,user-273
379.267050955414,0.035175879396984924,11.0,0.0044326597453442675,59544.927,user-907
285.28198076923076,0.05025125628140704,13.0,0.009385078170423847,59338.652,user-115
575.1655098039216,0.025510204081632654,12.0,0.00224017345680488,58666.882,user-352
596.8773372093024,0.03488372093023256,8.0,0.0014676992886909369,51331.451,user-346
375.19364331210187,0.04060913705583756,12.0,0.004552822823807897,58905.402,user-103
288.5783786407767,0.04020100502512563,15.0,0.008080451218090472,59447.146,user-25
485.9984380165289,0.03553299492385787,11.0,0.00265311094152681,58805.811,user-199
775.556086419753,0.0380952380952381,8.0,0.0011577556087966016,62820.043,user-502
372.72822839506176,0.04455445544554455,11.0,0.005145053679352538,60381.973,user-168
452.52675373134326,0.03940886699507389,11.0,0.0033902988525242195,60638.585,user-586
448.9105,0.03804347826086957,9.0,0.0033330811547683924,54767.081,user-947
626.546724137931,0.0273224043715847,7.0,0.0019054360582181473,54509.565,user-528
343.6172294117647,0.035897435897435895,13.0,0.0073575777732725976,58414.929,user-433
347.49039655172413,0.039603960396039604,11.0,0.005869843162123892,60463.329,user-361
514.694705882353,0.04081632653061224,7.0,0.0014686531212595721,43749.05,user-927
489.13781512605044,0.03076923076923077,10.0,0.0029849903603364984,58207.4,user-756
400.40944,0.05472636815920398,10.0,0.003813726490972903,60061.416,user-992
546.3394864864865,0.03940886699507389,11.0,0.0022373106712532485,60643.683,user-537
620.4554623655914,0.031088082901554404,11.0,0.0016536648054109055,57702.358,user-965
485.36125599999997,0.034482758620689655,9.0,0.0031318550027099185,60670.157,user-37
458.9988125,0.04060913705583756,11.0,0.0030965683235874408,58751.848,user-930
585.0120886075949,0.03225806451612903,9.0,0.0015697436010627518,46215.955,user-451
519.9358058252427,0.03333333333333333,9.0,0.002363197372680632,53553.388,user-519
567.8749801980198,0.020833333333333332,10.0,0.0017986220136589296,57355.373,user-153
296.2925060240964,0.048484848484848485,13.0,0.005131701025655761,49184.556,user-783
297.9493301435407,0.0430622009569378,17.0,0.009788482409901673,62271.41,user-508
275.68579047619045,0.05154639175257732,12.0,0.008295980298467691,57894.016,user-922
308.34545641025636,0.04477611940298507,14.0,0.00678059591698015,60127.364,user-522
679.7232898550725,0.03821656050955414,6.0,0.0009994471802168177,46900.907,user-504
282.6585777777778,0.029411764705882353,13.0,0.007512069958444289,50878.544,user-359
813.3905070422535,0.025906735751295335,6.0,0.0010013542723718797,57750.726,user-747
398.4174183006536,0.0392156862745098,10.0,0.004343015409159967,60957.865,user-879
409.6433515625,0.03409090909090909,10.0,0.0030717727677139935,52434.349,user-287
532.37925,0.04242424242424243,8.0,0.001816743439115788,48978.891,user-808
432.65978723404254,0.0392156862745098,9.0,0.0038776251294481406,61005.03,user-851
708.2753950617284,0.036458333333333336,8.0,0.0010070749231041141,57370.307,user-50
368.95652,0.02702702702702703,11.0,0.004496557952718605,55343.478,user-214
514.3295175438597,0.04081632653061224,9.0,0.0025606059534674826,58633.565,user-46
696.2548309859155,0.030120481927710843,8.0,0.0010814629913476325,49434.093,user-302
608.18866,0.03431372549019608,11.0,0.0024290015226076326,60818.866,user-520
330.98327932960893,0.025252525252525252,14.0,0.006586051642421523,59246.007,user-576
1208.5267647058824,0.02912621359223301,6.0,0.0006046276339457344,61634.865,user-669
1358.5699512195122,0.0213903743315508,6.0,0.0003967272896249728,55701.368,user-570
496.1429487179487,0.046153846153846156,8.0,0.0027522940381363454,58048.725,user-737
400.548265625,0.046511627906976744,11.0,0.002938258236087739,51270.178,user-856
962.6165106382979,0.02631578947368421,6.0,0.00044059585888884915,45242.976,user-203
529.3016034482758,0.038834951456310676,10.0,0.0030603313498340917,61398.986,user-117
279.75704522613063,0.0481283422459893,13.0,0.007543534657060624,55671.652,user-782
330.69627222222226,0.05,13.0,0.0059747454942905565,59525.329,user-295
720.23464,0.038461538461538464,9.0,0.001184459377323652,54017.598,user-312
997.7261071428571,0.031914893617021274,6.0,0.0006036734630447474,55872.662,user-683
464.1979918032787,0.031746031746031744,10.0,0.0032968414961841233,56632.155,user-281
684.0146835443038,0.027624309392265192,8.0,0.0013256027432318861,54037.16,user-338
690.4247931034482,0.03482587064676617,7.0,0.0012702883577675357,60066.957,user-60
547.9739255319149,0.029069767441860465,7.0,0.0016927653177782175,51509.549,user-472
403.8565423728814,0.0375,10.0,0.0033426187874191216,47655.072,user-743
542.3622475247525,0.043478260869565216,8.0,0.001680366285647104,54778.587,user-111
519.7744893617021,0.042682926829268296,8.0,0.0017881328403683994,48858.802,user-523
440.3915739130435,0.03529411764705882,9.0,0.003114691049622963,50645.031,user-517
670.4310348837209,0.03626943005181347,8.0,0.0017156548474254098,57657.069,user-667
287.75145856353595,0.05714285714285714,11.0,0.006460165854127691,52083.014,user-222
231.6862068965517,0.044444444444444446,12.0,0.011116942732732553,53751.2,user-430
580.7398235294118,0.02512562814070352,8.0,0.002120010378341251,59235.462,user-110
380.0087083333333,0.05228758169934641,9.0,0.0024614224421279675,45601.045,user-555
974.760868852459,0.02512562814070352,6.0,0.000865933609017884,59460.413,user-845
367.64246428571425,0.05202312138728324,13.0,0.0046110016355538855,51469.945,user-921
571.1788269230768,0.04020100502512563,9.0,0.0022077481207740616,59402.598,user-368
496.226024,0.052884615384615384,11.0,0.0036544690265041153,62028.253,user-849
426.0028432835821,0.041884816753926704,9.0,0.0035428868886685106,57084.381,user-122
641.5559186046511,0.032432432432432434,7.0,0.0016603416843231043,55173.809,user-293
600.6106601941748,0.033816425120772944,7.0,0.001914970016506777,61862.898,user-261
426.3886885245902,0.028735632183908046,11.0,0.002539623366818079,52019.42,user-911
341.0679652777778,0.04242424242424243,14.0,0.003993019048706576,49113.787,user-897
461.1820839694656,0.054455445544554455,10.0,0.0038070556547492654,60414.853,user-229
369.61800666666664,0.03763440860215054,11.0,0.004803641375458991,55442.701,user-611
504.44522018348624,0.02717391304347826,8.0,0.0024261387697978413,54984.529,user-733
875.9619285714285,0.02912621359223301,8.0,0.0008783302982884114,61317.335,user-935
648.922829787234,0.03414634146341464,8.0,0.0017194682241034685,60998.746,user-325
826.2555,0.03414634146341464,6.0,0.0010061222474138428,61142.907,user-371
627.1313888888889,0.037037037037037035,9.0,0.0015020309492625571,56441.825,user-296
354.9515144927536,0.036585365853658534,10.0,0.003880486921830611,48983.309,user-289
331.66116071428576,0.04838709677419355,10.0,0.005345323665076746,55719.075,user-420
576.3950430107526,0.0335195530726257,7.0,0.001983636433572935,53604.739,user-975
416.7978027210885,0.04390243902439024,11.0,0.0045089565464728545,61269.277,user-989
558.07646875,0.027932960893854747,7.0,0.0016412665063332207,53575.341,user-341
350.1024244604317,0.05521472392638037,9.0,0.004211411971469278,48664.237,user-762
316.15795721925133,0.050505050505050504,13.0,0.007402394958238525,59121.538,user-913
758.33884,0.031413612565445025,9.0,0.0011310535646731502,56875.413,user-170
627.9507391304348,0.020618556701030927,8.0,0.0014696056568875258,57771.468,user-674
366.1524834437086,0.03763440860215054,12.0,0.004199964681885982,55289.025,user-875
528.965585106383,0.029940119760479042,8.0,0.001837723952115294,49722.765,user-948
472.79885263157894,0.02666666666666667,8.0,0.0018482142058865603,44915.891,user-62
620.6825425531915,0.03076923076923077,9.0,0.002127641220789447,58344.159,user-646
448.1002975206612,0.055248618784530384,8.0,0.0033302203519171014,54220.136,user-709
320.2660769230769,0.05128205128205128,12.0,0.007374740063801653,58288.426,user-202
396.5483410852713,0.04093567251461988,10.0,0.003171908430874332,51154.736,user-457
319.556984375,0.043795620437956206,10.0,0.003607738244670816,40903.294,user-638
298.0157277777778,0.06111111111111111,12.0,0.00662133729745199,53642.831,user-779
318.02914615384617,0.05755395683453238,9.0,0.0032625073399566613,41343.789,user-663
550.4402580645161,0.03508771929824561,7.0,0.0019321379713742367,51190.944,user-825
336.10919594594594,0.030120481927710843,9.0,0.0051011885916377,49744.161,user-699
596.8934215686274,0.0392156862745098,9.0,0.001851073964636938,60883.129,user-744
356.539115942029,0.03636363636363636,12.0,0.004553781631317295,49202.398,user-15
997.5335409836066,0.024509803921568627,5.0,0.0006427736061568583,60849.546,user-131
675.5496265060241,0.03723404255319149,8.0,0.0012245125726572,56070.619,user-351
456.6788235294118,0.03825136612021858,10.0,0.002553929158228876,54344.78,user-339
471.68700813008127,0.041025641025641026,8.0,0.003011692378994074,58017.502,user-77
554.3613137254903,0.042105263157894736,9.0,0.0021657867891845383,56544.854,user-972
526.2843893805309,0.04,9.0,0.0022048853024805894,59470.136,user-870
352.05647169811317,0.03208556149732621,10.0,0.004070262581062394,55976.979,user-682
1023.6277931034482,0.02512562814070352,8.0,0.0006437276115296518,59370.412,user-235
477.48040833333334,0.03125,9.0,0.0030984774930303827,57297.649,user-793
386.2904296875,0.03614457831325301,9.0,0.0039834862836761326,49445.175,user-643
538.9803595505617,0.024844720496894408,7.0,0.001861566674046241,47969.252,user-88
463.15639316239316,0.027624309392265192,9.0,0.0023822680504864396,54189.298,user-127
390.59428368794323,0.04891304347826087,11.0,0.00399778820791177,55073.794,user-309
490.4371632653061,0.037267080745341616,8.0,0.0016832278597506377,48062.842,user-349
543.3887019230768,0.037037037037037035,9.0,0.002432815474086891,56512.425,user-920
617.9228977272727,0.027472527472527472,9.0,0.001729005980445595,54377.215,user-465
271.0353043478261,0.04794520547945205,10.0,0.00550268218465178,43636.684,user-958
383.1125076923077,0.029940119760479042,10.0,0.003117548705619585,49804.626,user-624
598.6181081081081,0.040268456375838924,7.0,0.001099582419552221,44297.74,user-276
774.6231466666666,0.02564102564102564,7.0,0.001142497667383972,58096.736,user-957
548.9177669902913,0.02631578947368421,7.0,0.001998893436386137,56538.53,user-225
511.25408536585365,0.0425531914893617,9.0,0.001124376825823269,41922.835,user-392
423.40963302752294,0.04516129032258064,9.0,0.002681723730339529,46151.65,user-550
624.1602127659575,0.03553299492385787,8.0,0.001700394719585432,58671.06,user-805
519.9830392156863,0.02824858757062147,10.0,0.0022478028586120948,53038.27,user-823
585.14224,0.04081632653061224,7.0,0.0018930360456508102,58514.224,user-640
577.2031188118812,0.03076923076923077,8.0,0.0022640155238990173,58297.515,user-633
684.150463768116,0.05063291139240506,8.0,0.0009956324793132104,47206.382,user-577
393.30907189542484,0.029850746268656716,12.0,0.005365355251326717,60176.288,user-954
914.6656034482759,0.028089887640449437,8.0,0.0005826923970719353,53050.605,user-262
559.6664851485149,0.026455026455026454,8.0,0.0018844527839900933,56526.315,user-826
195.72345704467352,0.04712041884816754,14.0,0.018585145255144445,56955.526,user-241
549.7077040816326,0.055248618784530384,10.0,0.0022230080376110673,53871.355,user-802
466.6411941747573,0.031055900621118012,11.0,0.0021247785662051773,48064.043,user-810
397.36268103448276,0.03225806451612903,9.0,0.0032262708391410082,46094.071,user-932
261.6101216216216,0.046153846153846156,16.0,0.009684526690727816,58077.447,user-18
714.176880952381,0.03980099502487562,8.0,0.0015172907133043072,59990.858,user-891
685.1671904761905,0.04145077720207254,11.0,0.0014104790880033035,57554.044,user-516
646.6235616438356,0.031446540880503145,7.0,0.0010948141789375518,47203.52,user-628
705.9265569620253,0.0374331550802139,7.0,0.0015201524893158572,55768.198,user-500
658.4823376623377,0.041176470588235294,8.0,0.0012702898675301805,50703.14,user-718
322.8993672316384,0.041884816753926704,9.0,0.005414939116212917,57153.188,user-690
449.48795918367347,0.05405405405405406,8.0,0.0019197393157742888,44049.82,user-254
592.6163263157895,0.047619047619047616,10.0,0.001707070272453091,56298.551,user-126
386.7264464285714,0.0410958904109589,9.0,0.002127637815638036,43313.362,user-255
392.60264666666666,0.03553299492385787,13.0,0.004815085478169813,58890.397,user-812
473.3682,0.04,10.0,0.002614012588301979,52070.502,user-162
202.06909931506848,0.05555555555555555,15.0,0.017931877193346785,59004.177,user-665
439.34831451612905,0.04371584699453552,11.0,0.0029516106132978625,54479.191,user-721
439.15707627118644,0.05172413793103448,11.0,0.003054608869196772,51820.535,user-610
506.02151515151513,0.047619047619047616,8.0,0.0018234179369685868,50096.13,user-172
250.60537280701755,0.05759162303664921,15.0,0.010643921501433062,57138.025,user-828
514.7395555555555,0.05,10.0,0.00139808176572386,41693.904,user-724
461.625213592233,0.025157232704402517,9.0,0.002195350532921912,47547.397,user-791
322.8038137931034,0.044585987261146494,11.0,0.0048026890508340095,46806.553,user-271
497.877,0.05025125628140704,9.0,0.003465642674191015,59247.363,user-320
517.6630825688073,0.031746031746031744,8.0,0.00218962731377419,56425.276,user-869
493.6120106382979,0.038461538461538464,8.0,0.0016050271969952502,46399.529,user-207
302.58123611111114,0.04794520547945205,9.0,0.003865226568435732,43571.698,user-664
489.12646428571423,0.03278688524590164,8.0,0.0022954846553967564,54782.164,user-623
341.6821428571428,0.043478260869565216,11.0,0.005954724241729242,55010.825,user-707
349.4986305732484,0.05434782608695652,11.0,0.004972439923204697,54871.285,user-526
489.0762589285714,0.03260869565217391,9.0,0.0024099256825049747,54776.541,user-474
484.581017699115,0.02717391304347826,8.0,0.0022315882088058403,54757.655,user-1000
369.64293333333336,0.06711409395973154,10.0,0.002818096976615248,44357.152,user-780
276.72507614213197,0.03825136612021858,13.0,0.00883481163689016,54514.84,user-7
381.62049612403104,0.04242424242424243,11.0,0.0038032414304213363,49229.044,user-720
554.5145102040816,0.03296703296703297,9.0,0.001955978974358558,54342.422,user-742
324.578284768212,0.042682926829268296,11.0,0.004013044337609226,49011.321,user-804
1505.0553684210527,0.020942408376963352,6.0,0.0003328312704969742,57192.104,user-292
1137.0346530612244,0.021505376344086023,6.0,0.0006656630339405469,55714.698,user-36
679.4985211267605,0.037267080745341616,6.0,0.0011119805985764907,48244.395,user-916
359.09395597484274,0.04712041884816754,12.0,0.005180340544012112,57095.939,user-165
580.1161728395061,0.0379746835443038,12.0,0.001308436294489089,46989.41,user-817
753.4231351351351,0.026737967914438502,7.0,0.0012044866944014212,55753.312,user-695
571.2415463917525,0.026881720430107527,8.0,0.0018997123152009777,55410.43,user-51
492.93085263157894,0.03821656050955414,11.0,0.002151482927723339,46828.431,user-217
251.2978092783505,0.06707317073170732,12.0,0.008339855266942392,48751.775,user-41
328.2065737704918,0.06666666666666667,8.0,0.002655971744378101,40041.202,user-880
843.3585614035088,0.030864197530864196,6.0,0.0007781959247927898,48071.438,user-546
272.12744585987264,0.0625,11.0,0.004556637524711504,42724.009,user-128
403.6365333333333,0.030864197530864196,8.0,0.0032167332210422082,48436.384,user-535
972.1205,0.03067484662576687,7.0,0.0005674343938136071,48606.025,user-198
446.91325688073397,0.03680981595092025,10.0,0.002592078259104758,48713.545,user-650
488.55043333333333,0.04591836734693878,8.0,0.002501476801615844,58626.052,user-792
342.41056944444443,0.04216867469879518,10.0,0.0044774860634647,49307.122,user-326
400.06715254237287,0.031446540880503145,10.0,0.0024671449300412516,47207.924,user-263
267.33587,0.061452513966480445,12.0,0.0072545706989046495,53467.174,user-356
392.73098347107435,0.0440251572327044,9.0,0.003639211125109291,47520.449,user-539
709.3247323943662,0.04142011834319527,7.0,0.0008373221335167668,50362.056,user-785
242.26911111111113,0.045714285714285714,12.0,0.009308781052790802,52330.128,user-813
324.91230534351143,0.03496503496503497,9.0,0.0032901636823104794,42563.512,user-696
556.0662597402597,0.034722222222222224,7.0,0.001251216363012144,42817.102,user-324
436.6210648148148,0.0440251572327044,13.0,0.002358428027938342,47155.075,user-604
1867.3227692307692,0.03067484662576687,4.0,0.00015544839879972662,48550.392,user-87
482.3348559322034,0.031578947368421054,13.0,0.002139080652331026,56915.513,user-968
287.42963975155277,0.05161290322580645,11.0,0.005411129362965205,46276.172,user-360
484.00838938053096,0.03278688524590164,9.0,0.00270842582175675,54692.948,user-799
1233.616456521739,0.02631578947368421,6.0,0.00038623645741452453,56746.357,user-751
253.20050970873785,0.04,15.0,0.008450477205740378,52159.305,user-525
365.1043243243243,0.03314917127071823,9.0,0.004551871661518252,54035.44,user-80
509.17393396226413,0.04419889502762431,11.0,0.002099028759395133,53972.437,user-442
598.7982588235295,0.041176470588235294,7.0,0.0012817327769828156,50897.852,user-461
609.4117777777777,0.027210884353741496,6.0,0.0010404548247569968,43877.648,user-137
219.85825675675676,0.054878048780487805,13.0,0.0091523759146746,48808.533,user-388
404.1533161764706,0.03804347826086957,10.0,0.004431711704443416,54964.851,user-125
370.437205479452,0.049723756906077346,14.0,0.004298194589849745,54083.832,user-772
554.679652631579,0.03954802259887006,9.0,0.0014839102695920654,52694.567,user-608
964.6359137931034,0.03723404255319149,5.0,0.0007295583818608155,55948.883,user-159
419.8672162162162,0.04487179487179487,11.0,0.0025443940939936342,46605.261,user-943
660.3554868421053,0.02976190476190476,7.0,0.0012025790674629645,50187.017,user-197
474.0124396551724,0.03804347826086957,11.0,0.00323771494185183,54985.443,user-318
299.85659281437125,0.047619047619047616,15.0,0.005138376447556058,50076.051,user-75
652.2751851851851,0.03389830508474576,8.0,0.001350398004428769,52834.29,user-439
371.1594697986577,0.03783783783783784,13.0,0.004604323527003677,55302.761,user-381
440.8090081300813,0.04395604395604396,9.0,0.002361285874929033,54219.508,user-425
384.7787685185185,0.05,8.0,0.0024289999946550764,41556.107,user-615
455.0618376068376,0.027932960893854747,11.0,0.002733220533618309,53242.235,user-760
376.11471223021584,0.04,11.0,0.0039672711136384126,52279.945,user-547
647.3112839506173,0.022727272727272728,8.0,0.0013732862098504127,52432.214,user-848
266.099858490566,0.06349206349206349,14.0,0.008881536115919166,56413.17,user-118
736.3811216216217,0.04371584699453552,8.0,0.0010900456672932029,54492.203,user-402
483.56921495327106,0.040229885057471264,10.0,0.0027637401963071535,51741.906,user-582
334.4087153846154,0.0410958904109589,9.0,0.0036992905934196945,43473.133,user-588
833.7701940298508,0.026737967914438502,7.0,0.0008220638392198564,55862.603,user-945
833.4876440677966,0.024242424242424242,6.0,0.0009117102417780902,49175.771,user-253
374.34393203883496,0.05384615384615385,9.0,0.002279273952801272,38557.425,user-335
1072.28234,0.022222222222222223,9.0,0.0005025844784522834,53614.117,user-700
730.8626891891893,0.027472527472527472,8.0,0.0010194737005764683,54083.839,user-563
288.50447499999996,0.04516129032258064,13.0,0.004857044350483317,46160.716,user-366
962.3846585365854,0.030303030303030304,5.0,0.00033378472471545274,39457.771,user-999
697.7583484848485,0.025974025974025976,9.0,0.0007543530209627291,46052.051,user-42
417.6405263157895,0.03763440860215054,11.0,0.0041293973972524375,55546.19,user-53
1051.0934259259259,0.021052631578947368,6.0,0.000618932470386184,56759.045,user-421
319.26823809523813,0.044444444444444446,9.0,0.0030889393874419576,40227.798,user-64
631.5607011494252,0.02717391304347826,7.0,0.0017089789616823725,54945.781,user-367
401.0251779661017,0.03773584905660377,10.0,0.00256060510217963,47320.971,user-218
361.16818487394954,0.027777777777777776,11.0,0.0029144183936197637,42979.014,user-13
347.05468322981363,0.031914893617021274,10.0,0.0052261163691402525,55875.804,user-33
246.52987793427232,0.056818181818181816,12.0,0.009283032997669223,52510.864,user-655
333.7771419354838,0.034482758620689655,11.0,0.004962903742108896,51735.457,user-575
641.821908045977,0.047872340425531915,8.0,0.002122874009723762,55838.506,user-494
595.4764250000001,0.04375,6.0,0.0009107538735358082,47638.114,user-66
441.63162616822433,0.0440251572327044,9.0,0.0023937142086572476,47254.584,user-34
578.4463375,0.04516129032258064,7.0,0.0015096619154021506,46275.707,user-55
349.09312598425197,0.053691275167785234,10.0,0.003076541377583864,44334.827,user-258
337.2086031746032,0.04195804195804196,10.0,0.003317821441658394,42488.284,user-86
350.57444585987264,0.043243243243243246,11.0,0.004392605385856391,55040.188,user-449
399.7332388059702,0.05027932960893855,13.0,0.004160868435052889,53564.254,user-970
749.2951230769231,0.024539877300613498,10.0,0.0007762876721213816,48704.183,user-656
281.4986927083333,0.03867403314917127,13.0,0.006575556804792588,54047.749,user-606
560.4149324324325,0.02877697841726619,9.0,0.0012235601989194576,41470.705,user-350
304.9633411764706,0.04597701149425287,13.0,0.005768754846920167,51843.768,user-819
508.7851066666667,0.05426356589147287,7.0,0.0013675650206968013,38158.883,user-592
474.50614285714283,0.04827586206896552,9.0,0.001470559500370108,43180.059,user-443
1164.5447105263158,0.026845637583892617,5.0,0.00023555639745498867,44252.699,user-908
413.946104,0.057803468208092484,9.0,0.003423679621835875,51743.263,user-644
311.61627131782944,0.05185185185185185,8.0,0.0036392092915662234,40198.499,user-986
333.14348101265824,0.05084745762711865,16.0,0.00457857176659715,52636.67,user-56
606.0887058823529,0.05755395683453238,6.0,0.0009469951692121018,41214.032,user-723
350.49371034482755,0.041176470588235294,12.0,0.004276260326136205,50821.588,user-334
270.79517441860463,0.05128205128205128,11.0,0.004885650962002131,46576.77,user-752
436.2508190476191,0.026143790849673203,8.0,0.0018978034804524053,45806.336,user-613
406.37493333333333,0.04891304347826087,11.0,0.003881441347390357,54860.616,user-521
442.71524489795917,0.041379310344827586,10.0,0.0021390846177317072,43386.094,user-882
633.883208955224,0.035211267605633804,7.0,0.0007705653770211582,42470.175,user-232
1196.3445813953488,0.028901734104046242,6.0,0.00035858012415566215,51442.817,user-735
543.5056829268293,0.03333333333333333,8.0,0.0013170192214554365,44567.466,user-163
478.9193780487805,0.030303030303030304,8.0,0.0015420865747682658,39271.389,user-977
300.1741288343559,0.05454545454545454,11.0,0.0053729817609380216,48928.383,user-839
827.0158939393939,0.02185792349726776,6.0,0.000987049776082773,54583.049,user-771
277.18958083832337,0.05806451612903226,12.0,0.005331018843188226,46290.66,user-685
358.40415436241614,0.0335195530726257,11.0,0.005332931399592667,53402.219,user-142
314.0053040540541,0.038461538461538464,10.0,0.003996832680043394,46472.785,user-375
302.48614285714285,0.03205128205128205,12.0,0.004178029314044821,46582.866,user-169
569.7604941176471,0.03680981595092025,9.0,0.0015449471393317177,48429.642,user-818
282.1856145833333,0.04945054945054945,12.0,0.007418605704489796,54179.638,user-607
478.1143,0.037267080745341616,8.0,0.001814834677126861,47811.43,user-382
650.7665662650602,0.03867403314917127,7.0,0.0012550301798860582,54013.625,user-941
457.3876888888889,0.043478260869565216,10.0,0.0014791427438409135,41164.892,user-102
510.3134466019418,0.03977272727272727,8.0,0.0022697372005422538,52562.285,user-807
623.1737441860465,0.03333333333333333,7.0,0.0013971273219742023,53592.942,user-489
269.18141499999996,0.049723756906077346,12.0,0.007431954290922388,53836.283,user-379
251.35360689655172,0.04918032786885246,13.0,0.003976806305203034,36446.273,user-224
1079.3253333333332,0.03289473684210526,5.0,0.00032901627127882027,45331.664,user-944
510.3188024691358,0.02877697841726619,11.0,0.001245493729579569,41335.823,user-119
1172.2689117647058,0.03731343283582089,4.0,0.0002336493162138735,39857.143,user-905
1070.8164199999999,0.03333333333333333,6.0,0.0005979520010424653,53540.821,user-993
508.45098876404495,0.046357615894039736,7.0,0.001972193000250852,45252.138,user-156
430.0652213114754,0.045454545454545456,10.0,0.0029649625175702903,52467.957,user-73
446.4021341463415,0.032520325203252036,7.0,0.0014390896503708693,36604.975,user-452
447.87433050847454,0.03389830508474576,9.0,0.002507199289529128,52849.171,user-378
509.46022680412375,0.048484848484848485,7.0,0.0018310476989360468,49417.642,user-145
363.3733358208955,0.03680981595092025,9.0,0.003735529284300678,48692.027,user-533
518.8425631067961,0.03910614525139665,10.0,0.002321235662740952,53440.784,user-280
423.23844578313253,0.025423728813559324,8.0,0.00124549342762704,35128.791,user-670
466.5119175257732,0.02631578947368421,14.0,0.002088540009929538,45251.656,user-605
437.1543300970874,0.059602649006622516,9.0,0.0024394913907527776,45026.896,user-877
420.5598608695652,0.049079754601226995,14.0,0.002603521128539588,48364.384,user-621
328.658693877551,0.04938271604938271,11.0,0.004507049196021051,48312.828,user-866
271.445,0.04678362573099415,16.0,0.00750443786453019,51031.66,user-790
495.53391089108914,0.041916167664670656,8.0,0.0020637437264596353,50048.925,user-248
218.42325,0.05063291139240506,13.0,0.010569539701433006,47179.422,user-938
1065.3069361702128,0.02976190476190476,5.0,0.00046920611566590373,50069.426,user-579
351.7940733944954,0.06201550387596899,8.0,0.0024413975734122705,38345.554,user-906
1502.0996956521738,0.02586206896551724,5.0,0.00012397725549778867,34548.293,user-143
476.79508888888887,0.05555555555555555,8.0,0.001761430610707852,42911.558,user-863
470.34175555555555,0.06338028169014084,9.0,0.0016984880457983319,42330.758,user-990
219.26196464646466,0.0684931506849315,11.0,0.007307977239151607,43413.869,user-884
602.9998888888889,0.03048780487804878,13.0,0.0013446759530733581,48842.991,user-876
319.294027027027,0.0379746835443038,12.0,0.003457052502182964,47255.516,user-26
310.08932413793104,0.0728476821192053,9.0,0.0041065061359256815,44962.952,user-186
542.3487888888889,0.04294478527607362,7.0,0.0019597950576954303,48811.391,user-147
508.499914893617,0.03125,10.0,0.0018033916439828285,47798.992,user-754
898.4340576923078,0.044585987261146494,5.0,0.0006303767695480487,46718.571,user-641
788.1956481481482,0.027972027972027972,6.0,0.0006017663163199512,42562.565,user-715
